{     
"animationres":     
 {    
  "key1":   
   {  
    "id":1,
    "projectpath":"warrior.ExportJson",
    "projectname":"warrior",
    "scalerate":0.3 
   }, 
  "key2":   
   {  
    "id":2,
    "projectpath":"mage_DEATH_1.ExportJson",
    "projectname":"mage_DEATH_1",
    "scalerate":0.3 
   }, 
  "key3":   
   {  
    "id":3,
    "projectpath":"mage2.ExportJson",
    "projectname":"mage2",
    "scalerate":0.3 
   }, 
  "key4":   
   {  
    "id":4,
    "projectpath":"onyxiaGarde.ExportJson",
    "projectname":"onyxiaGarde",
    "scalerate":0.8 
   }, 
  "key5":   
   {  
    "id":5,
    "projectpath":"onyxiaWhelp.ExportJson",
    "projectname":"onyxiaWhelp",
    "scalerate":0.8 
   }, 
  "key6":   
   {  
    "id":6,
    "projectpath":"onyxia.ExportJson",
    "projectname":"onyxia",
    "scalerate":0.8 
   }  
 }    
}     
