{     
"dungeondata":     
 {    
  "key1":   
   {  
    "id":1,
    "name":"",
    "level":1,
    "energycost":0,
    "rewardexp":0,
    "rewardmoney":0,
    "droplists":[0,0,0],
    "timelimit":120,
    "ishard":0,
    "phase1roles":[6,6,7],
    "phase2roles":[6,6,7,7],
    "phase3roles":[8],
    "backgrouds":[0,0],
    "describtion":"",
    "icon":"",
    "cd":1.1,
    "init_pos_enemy":[6,7,8,9,10,11,12,13,14],
    "init_pos_player":[1,2,3,4,5],
    "init_pos_boss":[6],
    "change_pos_posible":1,
    "animationres":[4,5,6],
    "effectres":[3,4] 
   }, 
  "key2":   
   {  
    "id":2,
    "name":"",
    "level":1,
    "energycost":0,
    "rewardexp":0,
    "rewardmoney":0,
    "droplists":[0,0,0],
    "timelimit":120,
    "ishard":0,
    "phase1roles":[6,6,7],
    "phase2roles":[6,6,7,7],
    "phase3roles":[6,6,6,7,7],
    "backgrouds":[0,0],
    "describtion":"",
    "icon":"",
    "cd":1.1,
    "init_pos_enemy":[6,7,8,9,10,11,12,13,14],
    "init_pos_player":[1,2,3,4,5],
    "init_pos_boss":[0],
    "change_pos_posible":0,
    "animationres":[0],
    "effectres":[0] 
   }, 
  "key3":   
   {  
    "id":3,
    "name":"",
    "level":0,
    "energycost":0,
    "rewardexp":0,
    "rewardmoney":0,
    "droplists":[0,0,2],
    "timelimit":1.1,
    "ishard":0,
    "phase1roles":[0,0,0],
    "phase2roles":[0,0,0],
    "phase3roles":[0,0,0],
    "backgrouds":[0,0],
    "describtion":"",
    "icon":"",
    "cd":1.1,
    "init_pos_enemy":[0,0,0,0,0],
    "init_pos_player":[0,0,0],
    "init_pos_boss":[0],
    "change_pos_posible":0,
    "animationres":[0],
    "effectres":[0] 
   }, 
  "key4":   
   {  
    "id":4,
    "name":"",
    "level":0,
    "energycost":0,
    "rewardexp":0,
    "rewardmoney":0,
    "droplists":[0,0,3],
    "timelimit":1.1,
    "ishard":0,
    "phase1roles":[0,0,0],
    "phase2roles":[0,0,0],
    "phase3roles":[0,0,0],
    "backgrouds":[0,0],
    "describtion":"",
    "icon":"",
    "cd":1.1,
    "init_pos_enemy":[0,0,0,0,0],
    "init_pos_player":[0,0,0],
    "init_pos_boss":[0],
    "change_pos_posible":0,
    "animationres":[0],
    "effectres":[0] 
   }, 
  "key5":   
   {  
    "id":5,
    "name":"",
    "level":0,
    "energycost":0,
    "rewardexp":0,
    "rewardmoney":0,
    "droplists":[0,0,4],
    "timelimit":1.1,
    "ishard":0,
    "phase1roles":[0,0,0],
    "phase2roles":[0,0,0],
    "phase3roles":[0,0,0],
    "backgrouds":[0,0],
    "describtion":"",
    "icon":"",
    "cd":1.1,
    "init_pos_enemy":[0,0,0,0,0],
    "init_pos_player":[0,0,0],
    "init_pos_boss":[0],
    "change_pos_posible":0,
    "animationres":[0],
    "effectres":[0] 
   }, 
  "key6":   
   {  
    "id":6,
    "name":"",
    "level":0,
    "energycost":0,
    "rewardexp":0,
    "rewardmoney":0,
    "droplists":[0,0,5],
    "timelimit":1.1,
    "ishard":0,
    "phase1roles":[0,0,0],
    "phase2roles":[0,0,0],
    "phase3roles":[0,0,0],
    "backgrouds":[0,0],
    "describtion":"",
    "icon":"",
    "cd":1.1,
    "init_pos_enemy":[0,0,0,0,0],
    "init_pos_player":[0,0,0],
    "init_pos_boss":[0],
    "change_pos_posible":0,
    "animationres":[0],
    "effectres":[0] 
   }  
 }    
}     
