{     
"effectanimationres":     
 {    
  "key1":   
   {  
    "id":1,
    "effectprojectpath":"warrior_texiao.ExportJson",
    "effectprojectname":"warrior_texiao" 
   }, 
  "key2":   
   {  
    "id":2,
    "effectprojectpath":"priest_texiao.ExportJson",
    "effectprojectname":"priest_texiao" 
   }, 
  "key3":   
   {  
    "id":3,
    "effectprojectpath":"mage_texiao.ExportJson",
    "effectprojectname":"mage_texiao" 
   }, 
  "key4":   
   {  
    "id":4,
    "effectprojectpath":"onyxia_texiao.ExportJson",
    "effectprojectname":"onyxia_texiao" 
   }, 
  "key5":   
   {  
    "id":5,
    "effectprojectpath":"",
    "effectprojectname":"" 
   }, 
  "key6":   
   {  
    "id":6,
    "effectprojectpath":"",
    "effectprojectname":"" 
   }  
 }    
}     
