{     
"equipdata":     
 {    
  "key1":   
   {  
    "id":1,
    "name":"",
    "quality":"",
    "level":0,
    "occupation":"",
    "states":[1.1,1.1,1.1,1.1,1.1],
    "atk_cd":1.1,
    "price":0,
    "priceforsell":0,
    "icon":"",
    "specialeffect":"",
    "type":"",
    "describtion":"",
    "skins":[0,0,0,0] 
   }, 
  "key2":   
   {  
    "id":2,
    "name":"",
    "quality":"",
    "level":0,
    "occupation":"",
    "states":[1.1,1.1,1.1,1.1,1.2],
    "atk_cd":1.1,
    "price":0,
    "priceforsell":0,
    "icon":"",
    "specialeffect":"",
    "type":"",
    "describtion":"",
    "skins":[0,0,0,1] 
   }, 
  "key3":   
   {  
    "id":3,
    "name":"",
    "quality":"",
    "level":0,
    "occupation":"",
    "states":[1.1,1.1,1.1,1.1,1.3],
    "atk_cd":1.1,
    "price":0,
    "priceforsell":0,
    "icon":"",
    "specialeffect":"",
    "type":"",
    "describtion":"",
    "skins":[0,0,0,2] 
   }, 
  "key4":   
   {  
    "id":4,
    "name":"",
    "quality":"",
    "level":0,
    "occupation":"",
    "states":[1.1,1.1,1.1,1.1,1.4],
    "atk_cd":1.1,
    "price":0,
    "priceforsell":0,
    "icon":"",
    "specialeffect":"",
    "type":"",
    "describtion":"",
    "skins":[0,0,0,3] 
   }, 
  "key5":   
   {  
    "id":5,
    "name":"",
    "quality":"",
    "level":0,
    "occupation":"",
    "states":[1.1,1.1,1.1,1.1,1.5],
    "atk_cd":1.1,
    "price":0,
    "priceforsell":0,
    "icon":"",
    "specialeffect":"",
    "type":"",
    "describtion":"",
    "skins":[0,0,0,4] 
   }, 
  "key6":   
   {  
    "id":6,
    "name":"",
    "quality":"",
    "level":0,
    "occupation":"",
    "states":[1.1,1.1,1.1,1.1,1.6],
    "atk_cd":1.1,
    "price":0,
    "priceforsell":0,
    "icon":"",
    "specialeffect":"",
    "type":"",
    "describtion":"",
    "skins":[0,0,0,5] 
   }  
 }    
}     
