{     
"initposition":     
 {    
  "key1":   
   {  
    "id":1,
    "pos_name":"PLAYERPOS1",
    "occupation":[1,2,3] 
   }, 
  "key2":   
   {  
    "id":2,
    "pos_name":"PLAYERPOS2",
    "occupation":[1,2,3] 
   }, 
  "key3":   
   {  
    "id":3,
    "pos_name":"PLAYERPOS3",
    "occupation":[1,2,3] 
   }, 
  "key4":   
   {  
    "id":4,
    "pos_name":"PLAYERPOS4",
    "occupation":[1,2,3] 
   }, 
  "key5":   
   {  
    "id":5,
    "pos_name":"PLAYERPOS5",
    "occupation":[1,2,3] 
   }, 
  "key6":   
   {  
    "id":6,
    "pos_name":"ENEMYPOS1",
    "occupation":[1,2,3] 
   }, 
  "key7":   
   {  
    "id":7,
    "pos_name":"ENEMYPOS2",
    "occupation":[1,2,3] 
   }, 
  "key8":   
   {  
    "id":8,
    "pos_name":"ENEMYPOS3",
    "occupation":[1,2,3] 
   }, 
  "key9":   
   {  
    "id":9,
    "pos_name":"ENEMYPOS4",
    "occupation":[1,2,3] 
   }, 
  "key10":   
   {  
    "id":10,
    "pos_name":"ENEMYPOS5",
    "occupation":[1,2,3] 
   }, 
  "key11":   
   {  
    "id":11,
    "pos_name":"ENEMYPOS6",
    "occupation":[1,2,3] 
   }, 
  "key12":   
   {  
    "id":12,
    "pos_name":"ENEMYPOS7",
    "occupation":[1,2,3] 
   }, 
  "key13":   
   {  
    "id":13,
    "pos_name":"ENEMYPOS8",
    "occupation":[1,2,3] 
   }, 
  "key14":   
   {  
    "id":14,
    "pos_name":"ENEMYPOS9",
    "occupation":[1,2,3] 
   }, 
  "key15":   
   {  
    "id":15,
    "pos_name":"ARRAYPOS1",
    "occupation":[1] 
   }, 
  "key16":   
   {  
    "id":16,
    "pos_name":"ARRAYPOS2",
    "occupation":[2] 
   }, 
  "key17":   
   {  
    "id":17,
    "pos_name":"ARRAYPOS3",
    "occupation":[3] 
   }, 
  "key18":   
   {  
    "id":18,
    "pos_name":"ARRAYPOS4",
    "occupation":[2] 
   }, 
  "key19":   
   {  
    "id":19,
    "pos_name":"ARRAYPOS5",
    "occupation":[2] 
   }, 
  "key20":   
   {  
    "id":20,
    "pos_name":"ARRAYPOS6",
    "occupation":[1] 
   }, 
  "key21":   
   {  
    "id":21,
    "pos_name":"ARRAYPOS7",
    "occupation":[2] 
   }, 
  "key22":   
   {  
    "id":22,
    "pos_name":"ARRAYPOS8",
    "occupation":[2] 
   }, 
  "key23":   
   {  
    "id":23,
    "pos_name":"ARRAYPOS9",
    "occupation":[3] 
   }, 
  "key24":   
   {  
    "id":24,
    "pos_name":"ARRAYPOS10",
    "occupation":[2] 
   }  
 }    
}     
