{     
"roleobject":     
 {    
  "key1":   
   {  
    "id":1,
    "occupation":1,
    "atk_range":1,
    "ishero":1,
    "skills":[15,3,2],
    "normalattack":1,
    "movespeed":10,
    "hpgrowparam":[700],
    "meleeatkgrowparam":[28],
    "mageatkgrowparam":[5],
    "meleedefgrowparam":[14],
    "magedefgrowparam":[4],
    "headshot":"Spell_Holy_Power.png",
    "animations":1,
    "bossid":0,
    "shadowoffset":[0,0],
    "shadowscalerate":1,
    "effectoffsetoffrole":[0,0],
    "effectoffsetonrole":[0,-30] 
   }, 
  "key2":   
   {  
    "id":2,
    "occupation":2,
    "atk_range":50,
    "ishero":1,
    "skills":[7,6,16],
    "normalattack":4,
    "movespeed":10,
    "hpgrowparam":[400],
    "meleeatkgrowparam":[6],
    "mageatkgrowparam":[53],
    "meleedefgrowparam":[8],
    "magedefgrowparam":[6],
    "headshot":"Spell_Frost_FrostArmor.png",
    "animations":3,
    "bossid":0,
    "shadowoffset":[0,0],
    "shadowscalerate":0.8,
    "effectoffsetoffrole":[450,-50],
    "effectoffsetonrole":[0,-30] 
   }, 
  "key3":   
   {  
    "id":3,
    "occupation":3,
    "atk_range":50,
    "ishero":1,
    "skills":[9,10,17],
    "normalattack":8,
    "movespeed":10,
    "hpgrowparam":[350],
    "meleeatkgrowparam":[6],
    "mageatkgrowparam":[58],
    "meleedefgrowparam":[7],
    "magedefgrowparam":[9],
    "headshot":"Spell_Holy_PowerInfusion.png",
    "animations":2,
    "bossid":0,
    "shadowoffset":[0,0],
    "shadowscalerate":0.8,
    "effectoffsetoffrole":[0,0],
    "effectoffsetonrole":[0,-30] 
   }, 
  "key4":   
   {  
    "id":4,
    "occupation":2,
    "atk_range":50,
    "ishero":1,
    "skills":[7,6,16],
    "normalattack":4,
    "movespeed":10,
    "hpgrowparam":[400],
    "meleeatkgrowparam":[6],
    "mageatkgrowparam":[53],
    "meleedefgrowparam":[8],
    "magedefgrowparam":[6],
    "headshot":"Spell_Frost_FrostArmor.png",
    "animations":3,
    "bossid":0,
    "shadowoffset":[0,0],
    "shadowscalerate":0.8,
    "effectoffsetoffrole":[450,-50],
    "effectoffsetonrole":[0,-30] 
   }, 
  "key5":   
   {  
    "id":5,
    "occupation":2,
    "atk_range":50,
    "ishero":1,
    "skills":[5,6,7],
    "normalattack":4,
    "movespeed":10,
    "hpgrowparam":[400],
    "meleeatkgrowparam":[6],
    "mageatkgrowparam":[53],
    "meleedefgrowparam":[8],
    "magedefgrowparam":[6],
    "headshot":"Spell_Frost_FrostArmor.png",
    "animations":3,
    "bossid":0,
    "shadowoffset":[0,0],
    "shadowscalerate":0.8,
    "effectoffsetoffrole":[450,-50],
    "effectoffsetonrole":[0,-30] 
   }, 
  "key6":   
   {  
    "id":6,
    "occupation":1,
    "atk_range":1,
    "ishero":2,
    "skills":[12,12,12],
    "normalattack":11,
    "movespeed":6,
    "hpgrowparam":[660],
    "meleeatkgrowparam":[34],
    "mageatkgrowparam":[0],
    "meleedefgrowparam":[7],
    "magedefgrowparam":[4],
    "headshot":"",
    "animations":4,
    "bossid":0,
    "shadowoffset":[0,0],
    "shadowscalerate":1,
    "effectoffsetoffrole":[0,0],
    "effectoffsetonrole":[20,-80] 
   }, 
  "key7":   
   {  
    "id":7,
    "occupation":2,
    "atk_range":20,
    "ishero":2,
    "skills":[14,14,14],
    "normalattack":13,
    "movespeed":6,
    "hpgrowparam":[345],
    "meleeatkgrowparam":[0],
    "mageatkgrowparam":[28],
    "meleedefgrowparam":[2],
    "magedefgrowparam":[6],
    "headshot":"",
    "animations":5,
    "bossid":0,
    "shadowoffset":[0,50],
    "shadowscalerate":1,
    "effectoffsetoffrole":[150,0],
    "effectoffsetonrole":[0,50] 
   }, 
  "key8":   
   {  
    "id":8,
    "occupation":1,
    "atk_range":1,
    "ishero":3,
    "skills":[0,0,0],
    "normalattack":18,
    "movespeed":5,
    "hpgrowparam":[8000],
    "meleeatkgrowparam":[98],
    "mageatkgrowparam":[0],
    "meleedefgrowparam":[7],
    "magedefgrowparam":[4],
    "headshot":"",
    "animations":6,
    "bossid":1,
    "shadowoffset":[0,20],
    "shadowscalerate":2.5,
    "effectoffsetoffrole":[0,0],
    "effectoffsetonrole":[200,-100] 
   }  
 }    
}     
