{     
"skilldata":     
 {    
  "key1":   
   {  
    "id":1,
    "nameid":1,
    "level":0,
    "param":[0],
    "effect":"",
    "type":1,
    "dmgtype":1,
    "describtion":"",
    "cd":0,
    "ragecost":0,
    "icon":"",
    "particlecarrior":[""],
    "particlecarriorscale":1,
    "effectpngcarrior":[""],
    "effectpngscalerate":1,
    "delaytime":0.5,
    "rate":1,
    "animationname":"ATK_",
    "effect_interval":0,
    "effectname":[""],
    "effectID":0,
    "effectscalerate":1,
    "effectoffsetonrole":[0,0] 
   }, 
  "key2":   
   {  
    "id":2,
    "nameid":2,
    "level":0,
    "param":[32,2],
    "effect":"",
    "type":5,
    "dmgtype":1,
    "describtion":"",
    "cd":2,
    "ragecost":0,
    "icon":"Ability_Warrior_Cleave.png",
    "particlecarrior":[""],
    "particlecarriorscale":1,
    "effectpngcarrior":[""],
    "effectpngscalerate":1,
    "delaytime":0.5,
    "rate":0.4,
    "animationname":"SKILL_01_",
    "effect_interval":0,
    "effectname":[""],
    "effectID":0,
    "effectscalerate":1,
    "effectoffsetonrole":[0,0] 
   }, 
  "key3":   
   {  
    "id":3,
    "nameid":3,
    "level":0,
    "param":[25,25,2,10],
    "effect":"",
    "type":11,
    "dmgtype":1,
    "describtion":"",
    "cd":2,
    "ragecost":0,
    "icon":"Ability_ThunderClap.png",
    "particlecarrior":[""],
    "particlecarriorscale":1,
    "effectpngcarrior":[""],
    "effectpngscalerate":1,
    "delaytime":0.5,
    "rate":0.4,
    "animationname":"SKILL_04_",
    "effect_interval":0,
    "effectname":[""],
    "effectID":0,
    "effectscalerate":1,
    "effectoffsetonrole":[0,0] 
   }, 
  "key4":   
   {  
    "id":4,
    "nameid":4,
    "level":0,
    "param":[0],
    "effect":"",
    "type":2,
    "dmgtype":2,
    "describtion":"",
    "cd":0,
    "ragecost":0,
    "icon":"",
    "particlecarrior":["firebomb.plist","firebomb2.plist"],
    "particlecarriorscale":1.2,
    "effectpngcarrior":[""],
    "effectpngscalerate":1,
    "delaytime":0.4,
    "rate":1,
    "animationname":"ATK_",
    "effect_interval":0,
    "effectname":["HuoQiu"],
    "effectID":3,
    "effectscalerate":0.8,
    "effectoffsetonrole":[0,0] 
   }, 
  "key5":   
   {  
    "id":5,
    "nameid":5,
    "level":0,
    "param":[228],
    "effect":"",
    "type":2,
    "dmgtype":2,
    "describtion":"",
    "cd":2,
    "ragecost":0,
    "icon":"Spell_Fire_FireBolt02.png",
    "particlecarrior":["firebomb.plist","firebomb2.plist"],
    "particlecarriorscale":1.2,
    "effectpngcarrior":[""],
    "effectpngscalerate":1,
    "delaytime":2.1,
    "rate":0.4,
    "animationname":"SKILL_01_",
    "effect_interval":0,
    "effectname":["HuoQiu"],
    "effectID":3,
    "effectscalerate":0.8,
    "effectoffsetonrole":[0,0] 
   }, 
  "key6":   
   {  
    "id":6,
    "nameid":6,
    "level":0,
    "param":[46,0.4,5],
    "effect":"",
    "type":6,
    "dmgtype":2,
    "describtion":"",
    "cd":2,
    "ragecost":0,
    "icon":"Spell_Frost_ChillingBolt.png",
    "particlecarrior":["aobomb.plist","aobomb2.plist"],
    "particlecarriorscale":1.2,
    "effectpngcarrior":["aoshufeidan_texiao.png","aoshufeidan_texiao_head.png"],
    "effectpngscalerate":1,
    "delaytime":0.5,
    "rate":0.4,
    "animationname":"SKILL_02_",
    "effect_interval":1,
    "effectname":[""],
    "effectID":0,
    "effectscalerate":1,
    "effectoffsetonrole":[0,0] 
   }, 
  "key7":   
   {  
    "id":7,
    "nameid":7,
    "level":0,
    "param":[200,23,5,1],
    "effect":"",
    "type":12,
    "dmgtype":2,
    "describtion":"",
    "cd":2,
    "ragecost":0,
    "icon":"Spell_Fire_Fireball02.png",
    "particlecarrior":["firebomb.plist","firebomb2.plist"],
    "particlecarriorscale":1.2,
    "effectpngcarrior":[""],
    "effectpngscalerate":1,
    "delaytime":2.1,
    "rate":0.4,
    "animationname":"SKILL_01_",
    "effect_interval":0,
    "effectname":["HuoQiu"],
    "effectID":3,
    "effectscalerate":0.8,
    "effectoffsetonrole":[0,0] 
   }, 
  "key8":   
   {  
    "id":8,
    "nameid":8,
    "level":0,
    "param":[0],
    "effect":"",
    "type":3,
    "dmgtype":2,
    "describtion":"",
    "cd":0,
    "ragecost":0,
    "icon":"",
    "particlecarrior":[""],
    "particlecarriorscale":1,
    "effectpngcarrior":[""],
    "effectpngscalerate":1,
    "delaytime":0.5,
    "rate":1,
    "animationname":"ATK_",
    "effect_interval":0,
    "effectname":["JiaXue"],
    "effectID":2,
    "effectscalerate":0.5,
    "effectoffsetonrole":[0,0] 
   }, 
  "key9":   
   {  
    "id":9,
    "nameid":9,
    "level":0,
    "param":[128],
    "effect":"",
    "type":3,
    "dmgtype":2,
    "describtion":"",
    "cd":2,
    "ragecost":0,
    "icon":"Spell_Holy_FlashHeal.png",
    "particlecarrior":[""],
    "particlecarriorscale":1,
    "effectpngcarrior":[""],
    "effectpngscalerate":1,
    "delaytime":0.5,
    "rate":0.4,
    "animationname":"SKILL_02_",
    "effect_interval":0,
    "effectname":["JiaXue"],
    "effectID":2,
    "effectscalerate":0.5,
    "effectoffsetonrole":[0,0] 
   }, 
  "key10":   
   {  
    "id":10,
    "nameid":10,
    "level":0,
    "param":[220,3.6],
    "effect":"",
    "type":7,
    "dmgtype":2,
    "describtion":"",
    "cd":2,
    "ragecost":0,
    "icon":"Spell_Holy_PowerWordShield.png",
    "particlecarrior":[""],
    "particlecarriorscale":1,
    "effectpngcarrior":[""],
    "effectpngscalerate":1,
    "delaytime":0.5,
    "rate":0.4,
    "animationname":"SKILL_01_",
    "effect_interval":0,
    "effectname":["mushitaodun"],
    "effectID":2,
    "effectscalerate":1.2,
    "effectoffsetonrole":[0,0] 
   }, 
  "key11":   
   {  
    "id":11,
    "nameid":11,
    "level":0,
    "param":[0],
    "effect":"",
    "type":1,
    "dmgtype":1,
    "describtion":"",
    "cd":0,
    "ragecost":0,
    "icon":"",
    "particlecarrior":[""],
    "particlecarriorscale":1,
    "effectpngcarrior":[""],
    "effectpngscalerate":1,
    "delaytime":1.1,
    "rate":1,
    "animationname":"ATK_",
    "effect_interval":0,
    "effectname":[""],
    "effectID":0,
    "effectscalerate":1,
    "effectoffsetonrole":[0,0] 
   }, 
  "key12":   
   {  
    "id":12,
    "nameid":12,
    "level":0,
    "param":[55],
    "effect":"",
    "type":1,
    "dmgtype":1,
    "describtion":"",
    "cd":2,
    "ragecost":0,
    "icon":"",
    "particlecarrior":[""],
    "particlecarriorscale":1,
    "effectpngcarrior":[""],
    "effectpngscalerate":1,
    "delaytime":1.1,
    "rate":0.4,
    "animationname":"SKILL_01_",
    "effect_interval":0,
    "effectname":[""],
    "effectID":0,
    "effectscalerate":1,
    "effectoffsetonrole":[0,0] 
   }, 
  "key13":   
   {  
    "id":13,
    "nameid":13,
    "level":0,
    "param":[0],
    "effect":"",
    "type":2,
    "dmgtype":2,
    "describtion":"",
    "cd":0,
    "ragecost":0,
    "icon":"",
    "particlecarrior":["firebomb.plist","firebomb2.plist"],
    "particlecarriorscale":1.2,
    "effectpngcarrior":[""],
    "effectpngscalerate":1,
    "delaytime":0.5,
    "rate":1,
    "animationname":"ATK_",
    "effect_interval":0,
    "effectname":["HuoQiu"],
    "effectID":3,
    "effectscalerate":0.8,
    "effectoffsetonrole":[0,0] 
   }, 
  "key14":   
   {  
    "id":14,
    "nameid":14,
    "level":0,
    "param":[44],
    "effect":"",
    "type":2,
    "dmgtype":2,
    "describtion":"",
    "cd":2,
    "ragecost":0,
    "icon":"",
    "particlecarrior":["firebomb.plist","firebomb2.plist"],
    "particlecarriorscale":1.2,
    "effectpngcarrior":[""],
    "effectpngscalerate":1,
    "delaytime":0.5,
    "rate":0.4,
    "animationname":"SKILL_01_",
    "effect_interval":0,
    "effectname":["HuoQiu"],
    "effectID":3,
    "effectscalerate":0.8,
    "effectoffsetonrole":[0,0] 
   }, 
  "key15":   
   {  
    "id":15,
    "nameid":15,
    "level":0,
    "param":[0.40,12],
    "effect":"",
    "type":8,
    "dmgtype":1,
    "describtion":"",
    "cd":2,
    "ragecost":0,
    "icon":"Ability_Warrior_ShieldWall.png",
    "particlecarrior":[""],
    "particlecarriorscale":1,
    "effectpngcarrior":[""],
    "effectpngscalerate":1,
    "delaytime":1,
    "rate":0.4,
    "animationname":"SKILL_03_",
    "effect_interval":0,
    "effectname":["DunQiang"],
    "effectID":1,
    "effectscalerate":0.4,
    "effectoffsetonrole":[0,0] 
   }, 
  "key16":   
   {  
    "id":16,
    "nameid":16,
    "level":0,
    "param":[57,5,1,8],
    "effect":"",
    "type":9,
    "dmgtype":2,
    "describtion":"",
    "cd":2,
    "ragecost":0,
    "icon":"Spell_Frost_IceStorm.png",
    "particlecarrior":["baofengxuebaoza.plist"],
    "particlecarriorscale":1,
    "effectpngcarrior":["baofengxue_texiao.png"],
    "effectpngscalerate":0.5,
    "delaytime":0.5,
    "rate":0.4,
    "animationname":"SKILL_03_",
    "effect_interval":0,
    "effectname":["BaoFengXueGuangQuan"],
    "effectID":3,
    "effectscalerate":2,
    "effectoffsetonrole":[0,0] 
   }, 
  "key17":   
   {  
    "id":17,
    "nameid":17,
    "level":0,
    "param":[74],
    "effect":"",
    "type":10,
    "dmgtype":2,
    "describtion":"",
    "cd":2,
    "ragecost":0,
    "icon":"Spell_Holy_HolyNova.png",
    "particlecarrior":[""],
    "particlecarriorscale":1,
    "effectpngcarrior":[""],
    "effectpngscalerate":1,
    "delaytime":0.5,
    "rate":0.4,
    "animationname":"SKILL_03_",
    "effect_interval":0,
    "effectname":["JiaXue"],
    "effectID":2,
    "effectscalerate":0.5,
    "effectoffsetonrole":[0,0] 
   }, 
  "key18":   
   {  
    "id":18,
    "nameid":18,
    "level":0,
    "param":[0],
    "effect":"",
    "type":1,
    "dmgtype":1,
    "describtion":"",
    "cd":0,
    "ragecost":0,
    "icon":"",
    "particlecarrior":[""],
    "particlecarriorscale":1,
    "effectpngcarrior":[""],
    "effectpngscalerate":1,
    "delaytime":0.5,
    "rate":1,
    "animationname":"ATK_",
    "effect_interval":0,
    "effectname":[""],
    "effectID":0,
    "effectscalerate":1,
    "effectoffsetonrole":[0,0] 
   }, 
  "key19":   
   {  
    "id":19,
    "nameid":19,
    "level":0,
    "param":[10,1000],
    "effect":"",
    "type":13,
    "dmgtype":2,
    "describtion":"",
    "cd":2,
    "ragecost":0,
    "icon":"Spell_Shadow_BlackPlague.png",
    "particlecarrior":[""],
    "particlecarriorscale":1,
    "effectpngcarrior":[""],
    "effectpngscalerate":1,
    "delaytime":0.5,
    "rate":0.4,
    "animationname":"SKILL_04_",
    "effect_interval":0,
    "effectname":[""],
    "effectID":0,
    "effectscalerate":1,
    "effectoffsetonrole":[0,0] 
   }, 
  "key20":   
   {  
    "id":20,
    "nameid":20,
    "level":0,
    "param":[10,1000],
    "effect":"",
    "type":14,
    "dmgtype":2,
    "describtion":"",
    "cd":2,
    "ragecost":0,
    "icon":"Spell_Shadow_AuraOfDarkness.png",
    "particlecarrior":[""],
    "particlecarriorscale":1,
    "effectpngcarrior":[""],
    "effectpngscalerate":1,
    "delaytime":0.5,
    "rate":0.4,
    "animationname":"SKILL_05_",
    "effect_interval":0,
    "effectname":[""],
    "effectID":0,
    "effectscalerate":1,
    "effectoffsetonrole":[0,0] 
   }  
 }    
}     
