{     
"skillname":     
 {    
  "key1":   
   {  
    "id":1,
    "name":"战士普攻" 
   }, 
  "key2":   
   {  
    "id":2,
    "name":"顺势斩" 
   }, 
  "key3":   
   {  
    "id":3,
    "name":"雷霆一击" 
   }, 
  "key4":   
   {  
    "id":4,
    "name":"法师普攻" 
   }, 
  "key5":   
   {  
    "id":5,
    "name":"法师火球术1级" 
   }, 
  "key6":   
   {  
    "id":6,
    "name":"法师奥术飞弹1级" 
   }, 
  "key7":   
   {  
    "id":7,
    "name":"法师炎爆术1级" 
   }, 
  "key8":   
   {  
    "id":8,
    "name":"牧师普攻" 
   }, 
  "key9":   
   {  
    "id":9,
    "name":"牧师强效治疗" 
   }, 
  "key10":   
   {  
    "id":10,
    "name":"牧师套盾" 
   }, 
  "key11":   
   {  
    "id":11,
    "name":"奥妮克希亚守卫普攻" 
   }, 
  "key12":   
   {  
    "id":12,
    "name":"奥妮克希亚守卫致死打击" 
   }, 
  "key13":   
   {  
    "id":13,
    "name":"奥妮克希亚幼龙普攻" 
   }, 
  "key14":   
   {  
    "id":14,
    "name":"奥妮克希亚幼龙火球术" 
   }, 
  "key15":   
   {  
    "id":15,
    "name":"战士盾墙" 
   }, 
  "key16":   
   {  
    "id":16,
    "name":"法师暴风雪" 
   }, 
  "key17":   
   {  
    "id":17,
    "name":"牧师群体治疗" 
   }, 
  "key18":   
   {  
    "id":18,
    "name":"奥妮克希亚普攻" 
   }, 
  "key19":   
   {  
    "id":19,
    "name":"牧师心灵尖啸" 
   }, 
  "key20":   
   {  
    "id":20,
    "name":"牧师沉默术" 
   }  
 }    
}     
